epoch,time,train/box_loss,train/cls_loss,train/dfl_loss,metrics/precision(B),metrics/recall(B),metrics/mAP50(B),metrics/mAP50-95(B),val/box_loss,val/cls_loss,val/dfl_loss,lr/pg0,lr/pg1,lr/pg2
1,7.27696,2.43323,4.59141,1.8778,0.00333,1,0.29823,0.10522,1.15993,3.24153,1.17973,0.00014,0.00014,0.00014
2,8.96864,2.18249,4.43589,1.70726,0.00333,1,0.3991,0.14133,1.29624,3.13564,1.30399,0.00029406,0.00029406,0.00029406
3,10.4743,2.02216,3.463,1.70956,0.00333,1,0.69352,0.31649,1.22531,3.02701,1.30795,0.000441784,0.000441784,0.000441784
4,11.9408,1.80629,3.0936,1.55416,0.00333,1,0.62218,0.29285,1.21082,3.22771,1.30679,0.000583172,0.000583172,0.000583172
5,13.3607,1.67548,2.50797,1.34069,0.00306,0.91667,0.3564,0.17048,1.39419,3.34194,1.40731,0.000718224,0.000718224,0.000718224
6,14.7634,1.66438,2.4165,1.37825,0.00278,0.83333,0.25687,0.08039,1.67344,3.46479,1.87894,0.00084694,0.00084694,0.00084694
7,16.1638,1.54545,2.40865,1.29981,0.00306,0.91667,0.40717,0.18504,1.41894,3.23414,1.52607,0.00096932,0.00096932,0.00096932
8,17.541,1.6004,2.12419,1.35326,0.00306,0.91667,0.33121,0.14473,1.48425,3.31091,1.47602,0.00108536,0.00108536,0.00108536
9,19.0343,1.5628,2.11658,1.31315,0.37634,0.33333,0.32726,0.09161,1.56261,3.17993,1.67066,0.00119507,0.00119507,0.00119507
10,20.4722,1.55731,2.25617,1.27987,0.27855,0.08333,0.16062,0.05174,1.59048,3.19882,1.76436,0.00129844,0.00129844,0.00129844
11,22.5145,1.59587,1.96507,1.21472,0.00278,0.83333,0.0425,0.01659,1.69227,3.17666,1.82493,0.00139548,0.00139548,0.00139548
12,23.9411,1.61881,2.24074,1.28305,0.01698,0.83333,0.23022,0.12524,1.48091,2.90869,1.71713,0.00148618,0.00148618,0.00148618
13,25.3255,1.5135,1.94411,1.31616,0.04218,0.08333,0.11748,0.05939,1.53326,2.91813,1.83057,0.0015248,0.0015248,0.0015248
14,26.743,1.50001,2.01839,1.28164,1,0.79307,0.83605,0.42732,1.66287,2.33871,1.87809,0.0014852,0.0014852,0.0014852
15,28.1641,1.52089,2.02284,1.28204,1,0.72887,0.83505,0.47795,1.77143,2.12293,1.90584,0.0014456,0.0014456,0.0014456
16,29.5646,1.43247,1.91303,1.27264,0.58087,0.66667,0.57016,0.29277,1.81193,2.08376,1.97513,0.001406,0.001406,0.001406
17,30.9441,1.47483,1.82199,1.28526,0.90632,0.80791,0.81757,0.42269,1.84097,1.83294,2.06184,0.0013664,0.0013664,0.0013664
18,32.3436,1.42179,1.73284,1.23786,0.88921,0.75,0.78006,0.38685,1.81249,1.79418,2.02105,0.0013268,0.0013268,0.0013268
19,33.7859,1.41953,1.65288,1.15528,0.89974,0.83333,0.81986,0.40326,1.73657,1.67204,1.95479,0.0012872,0.0012872,0.0012872
20,35.2118,1.41287,1.62524,1.20214,0.97906,0.83333,0.83546,0.41757,1.75164,1.8153,1.87346,0.0012476,0.0012476,0.0012476
21,36.704,1.40885,1.54768,1.16359,0.8685,0.83333,0.90096,0.39077,1.76147,2.1356,1.8435,0.001208,0.001208,0.001208
22,38.0535,1.37588,1.67401,1.23207,0.76386,0.81007,0.83276,0.38391,1.76628,2.18726,1.84811,0.0011684,0.0011684,0.0011684
23,39.4001,1.35013,1.50548,1.23392,0.82264,0.83333,0.89043,0.45481,1.68496,1.64386,1.8291,0.0011288,0.0011288,0.0011288
24,40.7746,1.42761,1.55534,1.30354,0.89208,0.83333,0.86466,0.48921,1.67634,1.41081,1.83025,0.0010892,0.0010892,0.0010892
25,42.1572,1.31882,1.52432,1.14713,0.89972,0.83333,0.83799,0.41269,1.74084,1.52594,1.78741,0.0010496,0.0010496,0.0010496
26,43.4718,1.4112,1.34389,1.13613,0.82069,0.83333,0.82512,0.37386,1.73398,1.49302,1.78484,0.00101,0.00101,0.00101
27,44.8923,1.28495,1.38049,1.15409,0.87129,0.83333,0.84431,0.40824,1.7413,1.37555,1.79881,0.0009704,0.0009704,0.0009704
28,46.2787,1.27826,1.32827,1.12788,0.93796,0.66667,0.78982,0.36581,1.84269,1.6178,1.8769,0.0009308,0.0009308,0.0009308
29,47.6206,1.19237,1.3213,1.08164,0.79576,0.66667,0.77711,0.33214,1.88983,1.67716,1.9183,0.0008912,0.0008912,0.0008912
30,48.9623,1.23476,1.41966,1.07788,1,0.73304,0.82103,0.40521,1.82863,1.4284,1.75185,0.0008516,0.0008516,0.0008516
31,50.2927,1.20512,1.23466,1.08427,0.9805,0.75,0.82552,0.44554,1.82071,1.43378,1.71424,0.000812,0.000812,0.000812
32,51.6147,1.20911,1.30053,1.10943,0.88407,0.83333,0.88392,0.46509,1.77732,1.31674,1.7464,0.0007724,0.0007724,0.0007724
33,52.968,1.28979,1.24069,1.13847,0.93326,0.83333,0.92305,0.52534,1.66322,1.20624,1.78021,0.0007328,0.0007328,0.0007328
34,54.4111,1.21899,1.23179,1.07971,0.97845,0.83333,0.90882,0.50185,1.601,1.16737,1.87482,0.0006932,0.0006932,0.0006932
35,55.8191,1.20113,1.27906,1.11586,0.98528,0.83333,0.88553,0.49602,1.77521,1.25165,2.11285,0.0006536,0.0006536,0.0006536
36,57.2536,1.16598,1.16197,1.07154,0.96149,0.83333,0.88833,0.48035,1.7792,1.23856,2.10094,0.000614,0.000614,0.000614
37,58.6589,1.14223,1.13067,1.0605,0.91286,0.83333,0.895,0.49841,1.72223,1.20979,1.9748,0.0005744,0.0005744,0.0005744
38,60.1469,1.09803,1.18157,1.08549,0.90044,0.83333,0.91456,0.52855,1.66833,1.13,1.85289,0.0005348,0.0005348,0.0005348
39,61.6079,1.12356,1.18206,1.07309,0.89725,0.83333,0.85243,0.47086,1.70072,1.1206,1.8023,0.0004952,0.0004952,0.0004952
40,63.1195,1.23222,1.22199,1.12287,0.88235,0.83333,0.86422,0.48743,1.68683,1.11256,1.76377,0.0004556,0.0004556,0.0004556
41,69.7057,1.15365,1.32902,1.1242,0.87855,0.83333,0.86421,0.48176,1.69549,1.15448,1.74793,0.000416,0.000416,0.000416
42,71.5225,1.08557,1.29152,1.12538,0.89654,0.83333,0.88296,0.47017,1.71698,1.19462,1.73901,0.0003764,0.0003764,0.0003764
43,73.1559,1.04154,1.3224,0.99805,0.84348,0.89931,0.89504,0.43502,1.72875,1.23283,1.76671,0.0003368,0.0003368,0.0003368
44,74.7394,1.04866,1.35201,1.04127,0.95758,0.83333,0.89838,0.45047,1.76902,1.18728,1.80234,0.0002972,0.0002972,0.0002972
45,76.2459,1.13969,1.41502,1.03251,0.92692,0.83333,0.83637,0.43927,1.7824,1.16516,1.80127,0.0002576,0.0002576,0.0002576
46,77.7155,1.03513,1.29478,1.0113,0.84517,0.91025,0.92724,0.4462,1.7799,1.14774,1.77481,0.000218,0.000218,0.000218
47,79.1486,1.0158,1.23587,1.02023,0.83065,0.83333,0.87914,0.44846,1.7734,1.12513,1.75221,0.0001784,0.0001784,0.0001784
48,80.5971,0.95194,1.24041,1.0068,0.81458,0.83333,0.87623,0.45581,1.7689,1.1279,1.73628,0.0001388,0.0001388,0.0001388
49,82.0606,0.95532,1.24125,1.01768,0.84586,0.91475,0.9236,0.44808,1.75968,1.11854,1.7309,9.92e-05,9.92e-05,9.92e-05
50,83.5528,1.06553,1.2261,1.04022,0.84583,0.91458,0.92724,0.45319,1.75982,1.12201,1.73113,5.96e-05,5.96e-05,5.96e-05
